<?xml version="1.0" encoding="UTF-8"?>

<beans:beans xmlns="http://www.springframework.org/schema/mvc"
	xmlns:xsi="http://www.w3.org/2001/XMLSchema-instance"
	xmlns:beans="http://www.springframework.org/schema/beans"
	xmlns:context="http://www.springframework.org/schema/context"
	xmlns:mybatis-spring="http://mybatis.org/schema/mybatis-spring"
	xsi:schemaLocation="http://www.springframework.org/schema/mvc https://www.springframework.org/schema/mvc/spring-mvc.xsd
		http://mybatis.org/schema/mybatis-spring http://mybatis.org/schema/mybatis-spring-1.2.xsd
		http://www.springframework.org/schema/beans https://www.springframework.org/schema/beans/spring-beans.xsd
		http://www.springframework.org/schema/context https://www.springframework.org/schema/context/spring-context.xsd">

	<!-- DispatcherServlet Context: defines this servlet's request-processing infrastructure -->
	
	<!-- Enables the Spring MVC @Controller programming model -->
	<annotation-driven />

	<!-- Handles HTTP GET requests for /resources/** by efficiently serving up static resources in the ${webappRoot}/resources directory -->
	<resources mapping="/resources/**" location="/resources/" />

	<!-- Resolves views selected for rendering by @Controllers to .jsp resources in the /WEB-INF/views directory -->
	<beans:bean class="org.springframework.web.servlet.view.InternalResourceViewResolver">
		<beans:property name="prefix" value="/WEB-INF/views/" />
		<beans:property name="suffix" value=".jsp" />
		<beans:property name="contentType" value="text/html; charset=UTF-8"/>
	</beans:bean>
	
	<context:component-scan base-package="com.vegan" />
	
	<!-- datasource -->
	<beans:bean name="datasource" class="org.apache.commons.dbcp.BasicDataSource">
		<beans:property name="driverClassName" value= "org.mariadb.jdbc.Driver"/>
		<beans:property name="url" value= "jdbc:mariadb://localhost:3306/vegan?useUnicode=true;characterEncoding=utf8;"/>
		<beans:property name="username" value= "web_user"/>
		<beans:property name="password" value= "pass"/>
	</beans:bean>
	
	
	<!-- mybatis -->
	<beans:bean id="sqlSessionFactory" class="org.mybatis.spring.SqlSessionFactoryBean">
		<!-- 연결할 DB 정보 -->
		<beans:property name="dataSource" ref="datasource"/>
		<!-- 쿼리문이 있을 장소 -->
		<beans:property name="mapperLocations" >
			<beans:list>
				<beans:value>classpath:com/vegan/admin/dao/*.xml</beans:value>
				<beans:value>classpath:com/vegan/board/dao/*.xml</beans:value>
				<beans:value>classpath:com/vegan/checkList/dao/*.xml</beans:value>
				<beans:value>classpath:com/vegan/classes/dao/*.xml</beans:value>
				<beans:value>classpath:com/vegan/event/dao/*.xml</beans:value>
				<beans:value>classpath:com/vegan/letter/dao/*.xml</beans:value>
				<beans:value>classpath:com/vegan/main/dao/*.xml</beans:value>
				<beans:value>classpath:com/vegan/member/dao/*.xml</beans:value>
				<beans:value>classpath:com/vegan/mypage/dao/*.xml</beans:value>
				<beans:value>classpath:com/vegan/ranking/dao/*.xml</beans:value>
				<beans:value>classpath:com/vegan/recipe/dao/*.xml</beans:value>
				<beans:value>classpath:com/vegan/report/dao/*.xml</beans:value>
				<beans:value>classpath:com/vegan/utils/dao/*.xml</beans:value>
				<beans:value>classpath:com/vegan/magazine/dao/*.xml</beans:value>
				
			</beans:list>
		</beans:property>
	</beans:bean>
	
	<beans:bean id="uploadTempDir" class="org.springframework.core.io.FileSystemResource">
	        <beans:constructor-arg value="c:/temp/"/>
	</beans:bean>
	
	<!-- matbatis area -->
	<mybatis-spring:scan base-package="com.vegan.**.dao"/>
	
</beans:beans>