<?xml version="1.0" encoding="UTF-8"?>
<!DOCTYPE mapper PUBLIC   "-//mybatis.org//DTD Mapper 3.0//EN"
   "http://mybatis.org/dtd/mybatis-3-mapper.dtd"
>
<mapper namespace="com.vegan.mypage.dao.MypageDAO">
	

	<select id="profile" resultType="com.vegan.mypage.dto.MypageDTO">
		SELECT u.user_id,u.user_name,u.user_email,u.user_phone,p.introduction FROM user u, profile p
			WHERE u.user_id=p.user_id AND u.user_id = #{param1}
	</select>

	<select id="profileDetail" resultType="com.vegan.mypage.dto.MypageDTO">
		SELECT user_id,user_pw,user_name,user_email,user_phone FROM user 
			WHERE user_id=#{param1} 
	</select>
	
	<update id="update" parameterType="hashmap">
		UPDATE user SET user_name = #{name},user_email=#{email},user_phone=#{phone}
			WHERE user_id = #{id}
	</update>
	
	<update id="changePW" parameterType="String">
		UPDATE user SET user_pw = #{param2}
			WHERE user_id = #{param1}
	</update>
	
	
	<select id="pwChk" resultType="integer">
		SELECT Count(user_id )FROM user 
			WHERE user_id=#{param1} AND user_pw=#{param2}
	</select>
	
	<update id="del" parameterType="String">
		UPDATE user SET user_secc_chk = "1"
			WHERE user_id = #{idx}
	</update>
	
	<insert id ="proUpdate" parameterType="String">
			INSERT INTO profile(user_id,introduction) VALUES(#{param1},#{param2})
			ON DUPLICATE KEY UPDATE introduction = #{param2}
	</insert>
		
	<insert id="profilePhoto">
		INSERT INTO photo(category_id,ori_photo_name, photo_name,identify_number) 
			VALUES('profliePhoto',#{param1},#{param2},#{param3})
	</insert>	
	
	

</mapper>